feature,importance
credit_score,1.6044395936379379
debt_to_income_ratio,0.7087179768453394
income,0.5018319656410263
overdue_times,0.4669599088886927
employment_years,0.25786063110528495
age,0.24787821931622964
loan_amount,0.15676454526656633
loan_term,0.14282106994904442
has_house,0.1070542518169814
has_car,0.09001612350431078
