model,accuracy,precision,recall,f1_score,roc_auc
Logistic Regression,0.811,0.740484429065744,0.6524390243902439,0.6936790923824959,0.8720464939024389
Random Forest,0.798,0.7282608695652174,0.6128048780487805,0.6655629139072847,0.8624646123693378
Gradient Boosting,0.787,0.7017543859649122,0.6097560975609756,0.6525285481239804,0.8610173490127759
